{
  "formatVersion": 1,
  "database": {
    "version": 1,
    "identityHash": "7a3cbaac68f826157c6606e46ab01cb8",
    "entities": [
      {
        "tableName": "denuncias",
        "createSql": "CREATE TABLE IF NOT EXISTS `${TABLE_NAME}` (`id` TEXT NOT NULL, `titulo` TEXT NOT NULL, `descripcion` TEXT NOT NULL, `fecha` INTEGER NOT NULL, `ciudad` TEXT NOT NULL, `tipo` TEXT NOT NULL, `esPublica` INTEGER NOT NULL, `estado` TEXT NOT NULL, PRIMARY KEY(`id`))",
        "fields": [
          {
            "fieldPath": "id",
            "columnName": "id",
            "affinity": "TEXT",
            "notNull": true
          },
          {
            "fieldPath": "titulo",
            "columnName": "titulo",
            "affinity": "TEXT",
            "notNull": true
          },
          {
            "fieldPath": "descripcion",
            "columnName": "descripcion",
            "affinity": "TEXT",
            "notNull": true
          },
          {
            "fieldPath": "fecha",
            "columnName": "fecha",
            "affinity": "INTEGER",
            "notNull": true
          },
          {
            "fieldPath": "ciudad",
            "columnName": "ciudad",
            "affinity": "TEXT",
            "notNull": true
          },
          {
            "fieldPath": "tipo",
            "columnName": "tipo",
            "affinity": "TEXT",
            "notNull": true
          },
          {
            "fieldPath": "esPublica",
            "columnName": "esPublica",
            "affinity": "INTEGER",
            "notNull": true
          },
          {
            "fieldPath": "estado",
            "columnName": "estado",
            "affinity": "TEXT",
            "notNull": true
          }
        ],
        "primaryKey": {
          "autoGenerate": false,
          "columnNames": [
            "id"
          ]
        },
        "indices": [],
        "foreignKeys": []
      }
    ],
    "views": [],
    "setupQueries": [
      "CREATE TABLE IF NOT EXISTS room_master_table (id INTEGER PRIMARY KEY,identity_hash TEXT)",
      "INSERT OR REPLACE INTO room_master_table (id,identity_hash) VALUES(42, '7a3cbaac68f826157c6606e46ab01cb8')"
    ]
  }
}